tribunal,numero,ano,data_sessao,tipo,relator,colegiado,assunto,resumo_ia,url,verificado,flag
TCE-SP,10128/989,2018,2018-04-13,acordao,,,ADITAMENTO — Termo de Reequilíbrio Econômico-financeiro...,"O Tribunal de Contas do Estado de São Paulo decidiu pela irregularidade do aditamento do termo de reequilíbrio econômico-financeiro, apontando falhas na justificativa apresentada e na documentação anexa. A decisão foi fundamentada na ausência de comprovação da necessidade do reequilíbrio e na falta de transparência nos cálculos apresentados. Como consequência, foram determinadas a devolução de valores e a aplicação de multa ao responsável.",https://jurisprudencia.tce.sp.gov.br/arqs_juri/pdf/696308.pdf,false,[VIT]
TCE-SP,10582/989,2018,2018-04-19,acordao,,,ADITAMENTO — Termo de Reequilíbrio Econômico-financeiro...,"O Tribunal de Contas do Estado de São Paulo decidiu pela irregularidade do aditamento referente ao Termo de Reequilíbrio Econômico-financeiro. A decisão foi fundamentada na ausência de justificativas adequadas para o reequilíbrio solicitado, além de inconsistências nos documentos apresentados. Como consequência, foram determinadas a devolução de valores e a aplicação de multa ao responsável.",https://jurisprudencia.tce.sp.gov.br/arqs_juri/pdf/696308.pdf,false,[VIT]
TCE-SP,36157/026,2013,2013-10-07,acordao,,,CONTRATO — PRAZO VIGENCIA LOCACAO 60 MESES CONTADO A ...,"O Tribunal de Contas do Estado de São Paulo decidiu pela irregularidade do contrato de locação, que tinha prazo de vigência de 60 meses, por não atender aos requisitos legais estabelecidos. A decisão foi fundamentada na falta de justificativa adequada para a duração do contrato, o que compromete a economicidade e a eficiência na gestão pública. Além disso, foram apontadas falhas na documentação apresentada pela administração.",https://jurisprudencia.tce.sp.gov.br/arqs_juri/pdf/849590.pdf,false,[VIT]
TCE-SP,3706/989,2014,2014-08-08,acordao,,,EXAME PREVIO DE EDITAIS DE LICITACAO — Representação contra o edital da Concorrên...,"O Tribunal de Contas do Estado de São Paulo decidiu pela irregularidade do edital da concorrência pública analisada, apontando falhas que comprometem a lisura do processo licitatório. A decisão foi motivada por inconsistências nos requisitos de habilitação e na definição do objeto da licitação. O TCE-SP determinou a suspensão do edital até que as correções necessárias sejam realizadas.",https://jurisprudencia.tce.sp.gov.br/arqs_juri/pdf/415712.pdf,false,[VIT]
TCU,10682-PR,2023,2023-09-12,acordao,AUGUSTO SHERMAN,Primeira Câmara,"Embargos de declaração interposto por Departamento Regional do Senai no Estado do Paraná, Departamento Regional do Sesi No Estado do Paraná, Federação das Industrias do Estado do Paraná contra decisão do item 9.6.2 do Acórdão 3585/2023-TCU-1ª Câmara.","O Tribunal de Contas da União conheceu e deu provimento parcial aos embargos de declaração interpostos pelo Departamento Regional do Senai e do Sesi no Estado do Paraná, assim como pela Federação das Indústrias do Estado do Paraná. Foi reconhecida a ausência de republicação do edital e a falta de publicidade dos atos do procedimento licitatório, mas não foi identificado prejuízo ao caráter competitivo do certame. Os embargos de declaração foram conhecidos, mas rejeitados, com correção de erro material.",https://pesquisa.apps.tcu.gov.br/documento/acordao-completo/ACORDAO-COMPLETO-2614474/,false,[VIT]
TCU,108,2018,2018-01-24,acordao,AROLDO CEDRAZ,plenario,ACÓRDÃO 108/2018 ATA 2/2018 - PLENÁRIO,"O Tribunal de Contas da União decidiu pela adoção de medida cautelar suspensiva do certame licitatório relacionado à solução de telefonia e manutenção de rede de voz e vídeo, devido a indícios de irregularidades, como sobrepreço no orçamento estimativo. A decisão foi fundamentada na presença de fumaça do bom direito e no perigo da demora. O colegiado referendou a medida cautelar em plenário.",https://contas.tcu.gov.br/pesquisaJurisprudencia/#/detalhamento/11/*/KEY:%22ACORDAO-COMPLETO-2295364%22/DTRELEVANCIA%2520desc%252C%2520NUMACORDAOINT%2520desc/false/1/false,false,[VIT]
TCU,11660-SE,2019,2019-10-29,acordao,MARCOS BEMQUERER,Segunda Câmara,,"O Tribunal de Contas da União decidiu, por unanimidade, conhecer da representação e considerá-la parcialmente procedente. Foi encaminhada cópia da deliberação à Prefeitura Municipal de Belo Horizonte/MG e promovido o arquivamento dos autos. Foi identificada uma impropriedade no Pregão Eletrônico 5/2019, relacionada à estimativa de preços sem considerar contratos anteriores.",https://pesquisa.apps.tcu.gov.br/documento/acordao-completo/ACORDAO-COMPLETO-2378527/,false,[VIT]
TCU,1334-P,2026,2026-05-27,acordao,ANTONIO ANASTASIA,Plenário,"REPRESENTAÇÃO. Representação referente à licitação com número 900692025, modalidade Pregão e Uasg 153031 (Objeto: contratação de serviços de vigia para o Campus São Paulo e Hospital Universitário II)","O Tribunal de Contas da União analisou uma representação sobre o Pregão Eletrônico 90069/2025, referente à contratação de serviços de vigia pela Universidade Federal de São Paulo. A exigência de instalação de base operacional a 500 metros do campus foi considerada irregular, pois não foi comprovada a necessidade dessa restrição. A justificativa apresentada pela Unifesp não demonstrou que as necessidades operacionais não poderiam ser atendidas por outros critérios funcionais.",https://pesquisa.apps.tcu.gov.br/documento/acordao-completo/ACORDAO-COMPLETO-2767267/,false,[VIT]
TCU,14077-PR,2023,2023-12-05,acordao,WEDER DE OLIVEIRA,Primeira Câmara,"REPRESENTAÇÃO. Representação referente à licitação com número 242023, modalidade Pregão e Uasg 160327 (Objeto: Serviço comum de engenharia para remoção e substituição do sistema de impermeabilização das lajes de cobertura do IME e substituição do sistema de drenagem de águas pluviais.)","O Tribunal de Contas da União analisou uma representação referente ao Pregão Eletrônico 24/2023, que envolveu a contratação de serviços de engenharia pelo Instituto Militar de Engenharia. A representação foi considerada admissível, e a empresa Gac Projetos e Construções Ltda. alegou irregularidades no edital, incluindo a falta de documentos essenciais. A empresa solicitou a suspensão do pregão e a anulação do processo licitatório, além da disponibilização das plantas do projeto básico.",https://pesquisa.apps.tcu.gov.br/documento/acordao-completo/ACORDAO-COMPLETO-2638891/,false,[VIT]
TCU,141,2008,2008-02-13,acordao,UBIRATAN AGUIAR,plenario,ACÓRDÃO 141/2008 ATA 03/2008 - PLENÁRIO,"O Tribunal de Contas da União conheceu parcialmente a representação relacionada à licitação, destacando que a inserção de exigências não previstas em lei restringe o caráter competitivo do certame. Foi determinada a fixação de prazo para adequações. O acórdão também esclareceu a interpretação do art. 30, § 1º, inciso I, da Lei nº 8.666/93 sobre a qualificação profissional da contratada e a aferição de inexequibilidade de preços conforme o art. 48, inciso II, § 1º, alíneas 'a' e 'b', da mesma lei.",https://contas.tcu.gov.br/pesquisaJurisprudencia/#/detalhamento/11/*/KEY:%22ACORDAO-COMPLETO-36424%22/DTRELEVANCIA%2520desc%252C%2520NUMACORDAOINT%2520desc/false/1/false,false,[VIT]
TCU,141-PR,2023,2023-01-24,acordao,WALTON ALENCAR RODRIGUES,Primeira Câmara,,"O Tribunal de Contas da União analisou uma representação contra o Pregão Eletrônico 32/2022, conduzido pela Codevasf, relacionado à contratação de serviços de operação e manutenção. As empresas representadas questionaram requisitos de habilitação, desatualização da planilha orçamentária, exigências de formação de engenheiros e a falta de publicidade nas respostas a questionamentos. A decisão não foi finalizada no texto fornecido, mas as questões levantadas foram registradas.",https://pesquisa.apps.tcu.gov.br/documento/acordao-completo/ACORDAO-COMPLETO-2571029/,false,[VIT]
TCU,1445,2022,2022-06-22,acordao,AUGUSTO SHERMAN,plenario,ACÓRDÃO 1445/2022 ATA 23/2022 - PLENÁRIO,"O Tribunal de Contas da União decidiu, em relação ao Pregão Eletrônico para registro de preços para aquisição de botas táticas, que houve desclassificação indevida de licitante com proposta mais vantajosa sem a devida diligência para esclarecimentos. Foram identificadas falhas na elaboração da estimativa de preços, com indícios de superfaturamento. A decisão acolheu parcialmente a representação, afastando as falhas metodológicas na pesquisa de preços e determinou medidas saneadoras, resultando no arquivamento do processo.",https://contas.tcu.gov.br/pesquisaJurisprudencia/#/detalhamento/11/*/KEY:%22ACORDAO-COMPLETO-2534467%22/DTRELEVANCIA%2520desc%252C%2520NUMACORDAOINT%2520desc/false/1/false,false,[VIT]
TCU,1467-P,2026,2026-06-10,acordao,ANTONIO ANASTASIA,Plenário,"REPRESENTAÇÃO. Representação referente à licitação com número 900032026, modalidade Pregão e Uasg 200053 (Objeto: Contratação de empresa especializada na prestação de serviços continuados com dedicação exclusiva de mão de obra (auxiliar administrativo, auxiliar de serviços gerais, copeira, recepcionista e telefonista) para a Procuradoria da República no Estado do Paraná e suas unidades jurisdicionadas.)","O Tribunal de Contas da União analisou uma representação sobre o Pregão Eletrônico 90003/2026, relacionado à contratação de serviços para a Procuradoria da República no Estado do Paraná. A decisão considerou que a exigência de cômputo de contratos de Sociedades de Propósito Específico (SPEs) na habilitação econômico-financeira está de acordo com a Lei 14.133/2021. As justificativas apresentadas pelo órgão demonstraram que as regras editalícias têm base técnica e jurídica, visando mitigar riscos na contratação.",https://pesquisa.apps.tcu.gov.br/documento/acordao-completo/ACORDAO-COMPLETO-2768920/,false,[VIT]
TCU,1646-P,2025,2025-07-23,acordao,JORGE OLIVEIRA,Plenário,"REPRESENTAÇÃO. Representação referente à licitação com número 900062024, modalidade Pregão e Uasg 926834 (Objeto: contratação de empresa especializada na prestação de serviços de dedicação exclusiva de mão de obra para os cargos: auxiliar administrativo, auxiliar de serviços de copa, recepcionista telefonista, analista de suporte técnico, analista administrador de banco de dados e analista de comunicação social.)","O Tribunal de Contas da União analisou uma representação referente ao Pregão Eletrônico 90006/2024, realizado pelo Coren/GO, para contratação de serviços de mão de obra. A representação apontou indícios de irregularidades e ofensas a normas de licitação. Após análise, foram confirmadas falhas relacionadas à fixação de salários-base superiores aos previstos em convenções coletivas e à falta de clareza no ato convocatório sobre os salários aceitos nas propostas de preço.",https://pesquisa.apps.tcu.gov.br/documento/acordao-completo/ACORDAO-COMPLETO-2722193/,false,[VIT]
TCU,165,2012,2012-02-01,acordao,AROLDO CEDRAZ,plenario,ACÓRDÃO 165/2012 ATA 3/2012 - PLENÁRIO,"O Tribunal de Contas da União decidiu sobre uma representação relacionada ao pregão eletrônico para manutenção preventiva e corretiva de instalações da Presidência da República. O pleito de medida cautelar foi indeferido e houve a audiência dos responsáveis. Foi exigido um quantitativo mínimo para comprovação de capacidade técnico-profissional. As razões de justificativa foram acolhidas parcialmente e a representação foi considerada parcialmente procedente, com ciência ao órgão licitante.",https://contas.tcu.gov.br/pesquisaJurisprudencia/#/detalhamento/11/*/KEY:%22ACORDAO-COMPLETO-1217166%22/DTRELEVANCIA%2520desc%252C%2520NUMACORDAOINT%2520desc/false/1/false,false,[VIT]
TCU,1677-P,2020,2020-07-01,acordao,AUGUSTO SHERMAN,Plenário,,"O Tribunal de Contas da União analisou uma representação sobre possíveis irregularidades no edital do Pregão Eletrônico 1/2020 do Departamento de Polícia Federal. As alegações incluíam a imposição de um desconto mínimo e a exigência de instalação de escritório fixo. O tribunal concluiu que a fixação do desconto não violava a lei e que a exigência de escritório era razoável para atender às necessidades do órgão. Assim, as alegações foram consideradas improcedentes.",https://pesquisa.apps.tcu.gov.br/documento/acordao-completo/ACORDAO-COMPLETO-2413630/,false,[VIT]
TCU,1697,2023,2023-08-16,acordao,JORGE OLIVEIRA,plenario,ACÓRDÃO 1697/2023 ATA 34/2023 - PLENÁRIO,"O Tribunal de Contas da União tratou de uma representação relacionada à prestação de serviços de limpeza hospitalar. A decisão indeferiu a cautelar e determinou a oitiva, além de tratar da exigência de atestado de capacidade técnica. A participação de empresas em recuperação judicial foi discutida, com a decisão de que não pode ser impeditiva se a empresa demonstrar capacidade econômico-financeira.",https://contas.tcu.gov.br/pesquisaJurisprudencia/#/detalhamento/11/*/KEY:%22ACORDAO-COMPLETO-2603170%22/DTRELEVANCIA%2520desc%252C%2520NUMACORDAOINT%2520desc/false/1/false,false,[VIT]
TCU,1836-PR,2011,2011-03-29,acordao,UBIRATAN AGUIAR,Primeira Câmara,,"O Tribunal de Contas da União decidiu conhecer da representação e considerá-la procedente. Determinou ao Município de Mantenópolis/ES que se abstenha de incluir certas exigências nos atos convocatórios das futuras licitações. As exigências referem-se à apresentação de alvará de licença, prazo para depósito de garantia de participação e certidões negativas, por ausência de previsão legal.",https://pesquisa.apps.tcu.gov.br/documento/acordao-completo/ACORDAO-COMPLETO-1175816/,false,[VIT]
TCU,1865-P,2026,2026-07-15,acordao,ODAIR CUNHA,Plenário,"REPRESENTAÇÃO. Representação referente à licitação com número 7004574445, modalidade Pregão (Objeto: Contratação de serviços especializados de engenharia, planejamento e gestão empresarial, incluindo apoio, execução, planejamento, controle, análise e desenvolvimento de rotinas de engenharia e gestão empresarial, com disponibilização de postos de serviço e execução de serviços adicionais em ambiente onshore e eventuais embarques offshore.)","O Tribunal de Contas da União analisou a representação referente à licitação número 7004574445 conduzida pela Petróleo Brasileiro S.A. e concluiu que não há indícios de irregularidades na documentação da licitante vencedora. A exigência de relatório de auditoria independente não é necessária para o exercício de 2025 e a alegação de 'jogo de planilha' foi considerada infundada. A representação foi considerada improcedente, pois não se evidenciou a preponderância do interesse público.",https://pesquisa.apps.tcu.gov.br/documento/acordao-completo/ACORDAO-COMPLETO-2774325/,false,[VIT]
TCU,2004,2015,2015-08-12,acordao,JOSÉ MUCIO MONTEIRO,plenario,ACÓRDÃO 2004/2015 ATA 32/2015 - PLENÁRIO,"Foi realizada uma Tomada de Contas Especial referente a obras de restauração na rodovia BR-226/MA. O processo de dispensa de licitação para contratação emergencial foi aprovado, mas a proposta da empresa contratada estava em desacordo com os valores referenciais do SICRO, resultando em superfaturamento. A responsabilidade dos agentes que aprovaram a contratação foi excluída, mas os responsáveis pelo exame da proposta foram condenados. As contas foram consideradas irregulares, com débito sem multa devido à prescrição da pretensão punitiva.",https://contas.tcu.gov.br/pesquisaJurisprudencia/#/detalhamento/11/*/KEY:%22ACORDAO-COMPLETO-1372126%22/DTRELEVANCIA%2520desc%252C%2520NUMACORDAOINT%2520desc/false/1/false,false,[VIT]
TCU,2158,2015,2015-08-26,acordao,MARCOS BEMQUERER,plenario,ACÓRDÃO 2158/2015 ATA 34/2015 - PLENÁRIO,"O Tribunal de Contas da União decidiu aplicar multa aos responsáveis por irregularidades na execução de um projeto básico deficiente, conforme auditado no Acórdão 2.490/2009. Apesar de ter sido identificado um sobrepreço de baixa materialidade, a falta de elementos exigidos pela Lei 8.666/1993 no projeto básico foi considerada uma irregularidade grave. O tribunal acolheu as justificativas apresentadas quanto ao sobrepreço, mas reafirmou a necessidade de conformidade com as exigências legais para a realização de obras públicas.",https://contas.tcu.gov.br/pesquisaJurisprudencia/#/detalhamento/11/*/KEY:%22ACORDAO-COMPLETO-1478935%22/DTRELEVANCIA%2520desc%252C%2520NUMACORDAOINT%2520desc/false/1/false,false,[VIT]
TCU,2429,2024,2024-11-13,acordao,BENJAMIN ZYMLER,plenario,ACÓRDÃO 2429/2024 ATA 46/2024 - PLENÁRIO,"O Tribunal de Contas da União decidiu sobre a contratação integrada para as obras do lote 6F da Ferrovia de Integração Oeste-Leste, destacando a modificação da vazão de projeto e a inadequação dos materiais pétreos. Foi reconhecida a possibilidade de reequilíbrio econômico-financeiro do contrato em caso de erro substancial e onerosidade excessiva, conforme o Código Civil. O acórdão também trouxe recomendações e comunicações pertinentes ao caso.",https://contas.tcu.gov.br/pesquisaJurisprudencia/#/detalhamento/11/*/KEY:%22ACORDAO-COMPLETO-2687675%22/DTRELEVANCIA%2520desc%252C%2520NUMACORDAOINT%2520desc/false/1/false,false,[VIT]
TCU,2504,2010,2010-09-22,acordao,MARCOS BEMQUERER,plenario,ACÓRDÃO 2504/2010 ATA 35/2010 - PLENÁRIO,"O Tribunal de Contas da União decidiu sobre a auditoria decorrente do Acórdão n. 2.490/2009, destacando deficiências no projeto básico e critérios inadequados de habilitação e julgamento em edital de licitação. Foi ressaltada a importância de seguir os limites legais estabelecidos na Constituição Federal e na Lei n. 8.666/1993. O projeto básico deve ser elaborado com precisão e assegurar a viabilidade técnica e o tratamento do impacto ambiental, evitando problemas na execução das obras.",https://contas.tcu.gov.br/pesquisaJurisprudencia/#/detalhamento/11/*/KEY:%22ACORDAO-COMPLETO-1158614%22/DTRELEVANCIA%2520desc%252C%2520NUMACORDAOINT%2520desc/false/1/false,false,[VIT]
TCU,2600-P,2015,2015-10-21,acordao,VITAL DO RÊGO,Plenário,,"O Tribunal de Contas da União analisou uma representação da empresa Construtech Projetos, Reformas e Comércio de Materiais de Construção Ltda. sobre irregularidades no Pregão Eletrônico 52/2011 da Fundação Universidade de Brasília. A representação foi considerada admissível, mas a empresa não apresentou recurso após ter seus itens reprovados. O edital do pregão foi criticado por utilizar termos vagos nos critérios de aceitação dos produtos.",https://pesquisa.apps.tcu.gov.br/documento/acordao-completo/ACORDAO-COMPLETO-1567859/,false,[VIT]
TCU,2743-P,2016,2016-10-26,acordao,MARCOS BEMQUERER,Plenário,"Representações de Deputado Federal e de empresa Performa Engenharia Eireli - ME a respeito de irregularidades em licitação promovida pelo Instituto Chico Mendes de Conservação da Biodiversidade para exploração de serviços de transporte ferroviário de passageiros na Estrada de Ferro do Corcovado - Trem do Corcovado, no Parque Nacional da Tijuca, Rio de Janeiro/RJ. Análise das oitivas.","O Tribunal de Contas da União analisou representações sobre irregularidades em licitação para serviços de transporte ferroviário de passageiros. Foi concedida cautelar e, após análise das oitivas, a cautelar foi revogada. O recurso da entidade licitante foi conhecido e a cautelar anteriormente concedida foi suspensa. A decisão também abordou a cumulação indevida de patrimônio líquido mínimo e garantia de execução contratual para fins de qualificação econômico-financeira.",https://pesquisa.apps.tcu.gov.br/documento/acordao-completo/ACORDAO-COMPLETO-2174941/,false,[VIT]
TCU,279-P,2018,2018-02-21,acordao,BRUNO DANTAS,Plenário,,"O Tribunal de Contas da União decidiu que o modelo de servidor Tipo 4 ofertado pela vencedora do certame atende às especificações do edital e do termo de referência, considerando improcedente a alegação de que o equipamento estaria desatualizado. As respostas e esclarecimentos relativos à licitação possuem caráter vinculante e devem ser harmonizados com as especificações do edital. O modelo ofertado está em comercialização e não foi descontinuado, e a concorrência no pregão foi considerada competitiva.",https://pesquisa.apps.tcu.gov.br/documento/acordao-completo/ACORDAO-COMPLETO-2296951/,false,[VIT]
TCU,2990-P,2025,2025-12-08,acordao,BRUNO DANTAS,Plenário,"REPRESENTAÇÃO. Representação referente à licitação com número 900022025, modalidade Pregão e Uasg 156763 (Objeto: Contratação de empresa especializada na prestação de serviços continuados de gestão de frota pública, incluindo abastecimento de combustíveis, manutenção mecânica preventiva e corretiva, e gerenciamento de pedágios e estacionamentos conveniados.)","O Tribunal de Contas da União analisou uma representação sobre o Pregão Eletrônico 90002/2025, referente à contratação de serviços de gestão de frota pública. Apesar de identificar falhas formais, como a ausência de justificativa para o não parcelamento do objeto e a falta de estimativas de custos, não foi verificado prejuízo à competitividade do certame. O processo contou com a participação de sete licitantes e não houve desclassificação de propostas.",https://pesquisa.apps.tcu.gov.br/documento/acordao-completo/ACORDAO-COMPLETO-2736743/,false,[VIT]
TCU,3062,2011,2011-11-23,acordao,VALMIR CAMPELO,plenario,ACÓRDÃO 3062/2011 ATA 51/2011 - PLENÁRIO,"A decisão tratou de obras de adequação rodoviária para a Copa do Mundo de 2014, destacando deficiências no projeto básico. Foi identificado investimento com duração superior a um ano sem constar no plano plurianual e a realização de licitação sem previsão orçamentária adequada. A licitação foi revogada e o objeto considerado perdido, com determinações para providências internas e arquivamento.",https://contas.tcu.gov.br/pesquisaJurisprudencia/#/detalhamento/11/*/KEY:%22ACORDAO-COMPLETO-1215556%22/DTRELEVANCIA%2520desc%252C%2520NUMACORDAOINT%2520desc/false/1/false,false,[VIT]
TCU,311-PR,2026,2026-01-27,acordao,JHONATAN DE JESUS,Primeira Câmara,REPRESENTAÇÃO. Representação referente ao contrato com número 42021 e Uasg 158195 (Objeto: Prestação de serviços de portaria e apoio administrativo.),"O Tribunal de Contas da União decidiu não conhecer a representação referente ao contrato 4/2021, celebrado entre a Universidade Federal de Campina Grande e Alerta Serviços Eireli, devido à ausência dos requisitos de admissibilidade. A decisão se baseou na jurisprudência que estabelece que o TCU não atua como instância revisora de penalidades contratuais aplicadas por seus jurisdicionados. A solução de controvérsias sobre multas deve ser buscada no Poder Judiciário, quando não há reflexo direto em prejuízo ao erário.",https://pesquisa.apps.tcu.gov.br/documento/acordao-completo/ACORDAO-COMPLETO-2741058/,false,[VIT]
TCU,510,2024,2024-03-27,acordao,WALTON ALENCAR RODRIGUES,plenario,ACÓRDÃO 510/2024 ATA 11/2024 - PLENÁRIO,"O Tribunal de Contas da União decidiu pela irregularidade das contas referentes ao contrato de dragagem de manutenção do canal aquaviário de acesso ao Porto de Santos, identificando superfaturamento devido a manipulação de planilhas e assinatura de termo aditivo irregular. A prescrição não foi considerada aplicável, resultando na exclusão de um responsável do polo passivo. Foram determinadas a imposição de débito e multa aos responsáveis pelas irregularidades.",https://contas.tcu.gov.br/pesquisaJurisprudencia/#/detalhamento/11/*/KEY:%22ACORDAO-COMPLETO-2608957%22/DTRELEVANCIA%2520desc%252C%2520NUMACORDAOINT%2520desc/false/1/false,false,[VIT]
TCU,63,2024,2024-01-24,acordao,VITAL DO RÊGO,plenario,ACÓRDÃO 63/2024 ATA 2/2024 - PLENÁRIO,"O Tribunal de Contas da União decidiu pela rejeição das razões de justificativa apresentadas em relação a um relatório de auditoria sobre a licitação para obras de contenção de encostas e macrodrenagem em Nova Friburgo/RJ. O projeto básico foi considerado deficiente, com inconsistências nos quantitativos de serviços. Como resultado, foi imposta uma multa ao gestor responsável e o pedido de reexame foi negado, pois os argumentos apresentados foram considerados insuficientes para reverter a decisão.",https://contas.tcu.gov.br/pesquisaJurisprudencia/#/detalhamento/11/*/KEY:%22ACORDAO-COMPLETO-2635075%22/DTRELEVANCIA%2520desc%252C%2520NUMACORDAOINT%2520desc/false/1/false,false,[VIT]
TCU,6923-SE,2025,2025-12-02,acordao,AROLDO CEDRAZ,Segunda Câmara,"REPRESENTAÇÃO. Representação referente à licitação com número 452025, modalidade Pregão e Uasg 457821 (Objeto: Aquisição de caminhão plataforma 6x2.)","O Tribunal de Contas da União decidiu sobre uma representação referente ao Pregão Eletrônico 45/2025 da Prefeitura Municipal de Serrita/PE. A decisão apontou que a cláusula do edital que restringia a participação de empresas a determinadas regiões comprometeu a competitividade do certame. A medida foi considerada irregular, pois excluiu empresas de fora das áreas delimitadas, resultando na declaração de deserto do pregão.",https://pesquisa.apps.tcu.gov.br/documento/acordao-completo/ACORDAO-COMPLETO-2734070/,false,[VIT]
TCU,8455-PR,2021,2021-05-25,acordao,WEDER DE OLIVEIRA,Primeira Câmara,,"O Tribunal de Contas da União decidiu, por unanimidade, conhecer da representação e considerá-la parcialmente procedente. O pedido de medida cautelar foi indeferido e o processo foi encerrado e arquivado. Foram identificadas impropriedades relacionadas à falta de republicação do edital do certame, que desrespeitou princípios administrativos.",https://pesquisa.apps.tcu.gov.br/documento/acordao-completo/ACORDAO-COMPLETO-2482637/,false,[VIT]
TCU,872,2016,2016-04-13,acordao,MARCOS BEMQUERER,plenario,ACÓRDÃO 872/2016 ATA 12/2016 - PLENÁRIO,"O Tribunal de Contas da União decidiu pela irregularidade na utilização de licitação pretérita para obras de saneamento básico e habitação popular em Sete Lagoas/MG, devido à inadequação do projeto básico e restrição à competitividade do certame. Algumas justificativas apresentadas foram rejeitadas, enquanto outras foram acolhidas. A decisão resultou na aplicação de multa aos responsáveis pela irregularidade, destacando a importância do cumprimento das exigências legais para a realização de obras públicas.",https://contas.tcu.gov.br/pesquisaJurisprudencia/#/detalhamento/11/*/KEY:%22ACORDAO-COMPLETO-1650317%22/DTRELEVANCIA%2520desc%252C%2520NUMACORDAOINT%2520desc/false/1/false,false,[VIT]
TCU,881-P,2024,2024-05-08,acordao,AROLDO CEDRAZ,Plenário,"DENÚNCIA. Denúncia referente ao contrato com número 282021 e códigoUasg 154041 (Objeto: CONTRATAÇÃO DE SERVIÇOS CONTINUADOS DE APOIO ADMINISTRATIVO E SERVIÇOS AUXILIARES, COM DISPONIBILIZAÇÃO DE MÃO DE OBRA EM REGIME DE DEDICAÇÃO EXCLUSIVA)","O Tribunal de Contas da União analisou uma denúncia sobre possíveis irregularidades no contrato 282021, relacionado à contratação de serviços de apoio administrativo. A decisão concluiu que a interpretação da UFMA sobre a contratação violou dispositivos da Constituição Federal e de leis pertinentes. A unidade técnica identificou que a contratação foi inadequada, não aferindo o resultado a ser atingido pela contratada.",https://pesquisa.apps.tcu.gov.br/documento/acordao-completo/ACORDAO-COMPLETO-2655605/,false,[VIT]
TCU,932,2013,2013-04-17,acordao,ANA ARRAES,plenario,ACÓRDÃO 932/2013 ATA 13/2013 - PLENÁRIO,"O Tribunal de Contas da União decidiu sobre uma representação relacionada a cláusulas restritivas em edital de licitação. Foi identificada a exigência de índice econômico-financeiro não usual e não justificado no processo licitatório. A decisão incluiu a concessão e revogação de cautelar, além da audiência dos responsáveis. As justificativas apresentadas foram consideradas improcedentes, resultando em multa e ciência aos interessados.",https://contas.tcu.gov.br/pesquisaJurisprudencia/#/detalhamento/11/*/KEY:%22ACORDAO-COMPLETO-1268664%22/DTRELEVANCIA%2520desc%252C%2520NUMACORDAOINT%2520desc/false/1/false,false,[VIT]
TCU,9718-PR,2022,2022-11-29,acordao,VITAL DO RÊGO,Primeira Câmara,,"O Tribunal de Contas da União decidiu conhecer da representação, considerando-a parcialmente procedente. Foram identificadas impropriedades e falhas na gestão da ARP 109/2021, relacionadas a pesquisa de preços, elaboração de estudo técnico preliminar e autorizações irregulares. O tribunal determinou que medidas internas sejam adotadas para prevenir ocorrências semelhantes e deu ciência às coordenações regionais da Funai sobre as falhas identificadas.",https://pesquisa.apps.tcu.gov.br/documento/acordao-completo/ACORDAO-COMPLETO-2558572/,false,[VIT]
TCU,978-P,2025,2025-05-07,acordao,WALTON ALENCAR RODRIGUES,Plenário,"REPRESENTAÇÃO. Representação referente à licitação com número 12024, modalidade Concorrência internacional (Objeto: concessão dos serviços de gestão da Ponte Rodoviária sobre o Rio Uruguai, que conecta as cidades de São Borja (Brasil) e Santo Tomé (Argentina), bem como do Complexo do Centro Unificado de Fronteira (CUF). )","O Tribunal de Contas da União decidiu deferir uma medida cautelar para suspender a Concorrência Internacional Edital de Concessão 1/2024, em razão de possíveis irregularidades apontadas na representação. As irregularidades incluem a exigência de qualificação técnica em operação de rodovias, discrepâncias nos dados de tráfego e a falta de reabertura do prazo após a republicação do edital. Posteriormente, a medida cautelar foi revogada, e a Comissão Mista Argentino-Brasileira (Comab) foi convocada para se pronunciar sobre as medidas adotadas para mitigação das questões levantadas.",https://pesquisa.apps.tcu.gov.br/documento/acordao-completo/ACORDAO-COMPLETO-2702814/,false,[VIT]
TCU,JURISPRUDENCIA-SELECIONADA-114194,2021,2021-06-09,acordao,,Plenário,Contrato Administrativo,"O Tribunal de Contas da União decidiu que não é possível imputar débito apenas com base em sobrepreço de itens isolados da planilha contratual. A avaliação do preço contratado deve considerar a totalidade do contrato, permitindo compensações entre itens com sobrepreço e subpreço. A decisão enfatiza a importância de verificar se os preços globais estão de acordo com as práticas de mercado e se as distorções pontuais representam risco para a Administração.",,false,[VIT]
TCU,JURISPRUDENCIA-SELECIONADA-116633,2021,2021-07-20,acordao,,Primeira Câmara,Licitação,"O Tribunal de Contas da União decidiu que, na contratação de serviços terceirizados não cobertos por convenção coletiva, a fixação de salários no edital de licitação é indevida. O valor no orçamento de referência deve ser considerado apenas uma estimativa. Além disso, não é permitido desclassificar licitantes que apresentem propostas com salários inferiores ao valor estimado.",,false,[VIT]
TCU,JURISPRUDENCIA-SELECIONADA-12550,2016,2016-07-06,acordao,,Plenário,Contrato Administrativo,"O Tribunal de Contas da União decidiu que a caracterização de jogo de planilha não depende da intenção de obter vantagem indevida por parte dos agentes administrativos ou dos representantes da empresa contratada. Essa decisão reforça a importância da análise técnica dos contratos administrativos, independentemente da má-fé. A jurisprudência selecionada visa esclarecer a aplicação das normas de controle sobre contratos públicos.",,false,[VIT]
TCU,JURISPRUDENCIA-SELECIONADA-128556,2022,2022-03-16,acordao,,Plenário,Licitação,"O Tribunal de Contas da União decidiu que a exigência de quantitativos mínimos para comprovação da capacidade técnico-profissional deve ser justificada, especialmente em relação à complexidade técnica do objeto licitado. A ausência dessa justificativa foi considerada uma afronta ao disposto no art. 30, § 1º, inciso I, da Lei 8.666/1993. A decisão reforça a necessidade de transparência e adequação nas licitações públicas.",,false,[VIT]
TCU,JURISPRUDENCIA-SELECIONADA-14919,2015,2015-11-18,acordao,,Plenário,Licitação,"O Tribunal de Contas da União decidiu que, nas contratações integradas, é essencial a inclusão de uma matriz de risco detalhada no instrumento convocatório. Essa matriz deve especificar a alocação dos riscos a cada signatário do contrato. A decisão visa garantir maior transparência e responsabilidade na gestão dos riscos associados ao empreendimento.",,false,[VIT]
TCU,JURISPRUDENCIA-SELECIONADA-152280,2023,2023-06-06,acordao,,Segunda Câmara,Responsabilidade,"O Tribunal de Contas da União decidiu que a atestação da execução de serviços de engenharia, baseada apenas em medições realizadas pela empresa contratada, sem uma verificação rigorosa e documentada, configura erro grosseiro. Essa conduta é passível de responsabilização do fiscal do contrato, conforme previsto no art. 28 do Decreto-lei 4.657/1942. A decisão ressalta a importância da fiscalização adequada na execução de contratos públicos.",,false,[VIT]
TCU,JURISPRUDENCIA-SELECIONADA-154520,2023,2023-07-18,acordao,,Primeira Câmara,Contrato Administrativo,"O TCU decidiu que a variação da taxa cambial, por si só, não é suficiente para justificar o reequilíbrio econômico-financeiro de um contrato administrativo. Para que essa variação seja considerada, deve resultar em consequências incalculáveis e onerosidade excessiva, rompendo a equação econômico-financeira do contrato. A decisão reafirma a necessidade de análise criteriosa das condições que justificam o reequilíbrio, conforme previsto na Lei 8.666/1993.",,false,[VIT]
TCU,JURISPRUDENCIA-SELECIONADA-156300,2023,2023-08-16,acordao,,Plenário,Licitação,"O Tribunal de Contas da União decidiu que a recuperação judicial ou extrajudicial de uma empresa não impede sua participação em licitações, desde que esta comprove sua capacidade econômico-financeira para a execução do contrato. Essa decisão visa garantir a concorrência e a inclusão de empresas em dificuldades financeiras, desde que aptas a cumprir com suas obrigações. A medida busca equilibrar o acesso ao mercado público e a segurança na execução dos contratos.",,false,[VIT]
TCU,JURISPRUDENCIA-SELECIONADA-16331,2015,2015-10-21,acordao,,Plenário,Licitação,"O Tribunal de Contas da União decidiu que as estimativas de preços prévias às licitações devem ser fundamentadas em cestas de preços aceitáveis, utilizando dados de pesquisas diretas com fornecedores, valores de licitações anteriores e registros em sistemas de compras. Essa decisão visa garantir a transparência e a competitividade nas contratações públicas. A orientação busca evitar superfaturamento e assegurar que os preços estimados sejam condizentes com o mercado.",,false,[VIT]
TCU,JURISPRUDENCIA-SELECIONADA-163642,2024,2024-02-07,acordao,,Plenário,Licitação,"O Tribunal de Contas da União decidiu que é ilegal exigir capital social integralizado mínimo como condição de habilitação em licitação. Essa exigência vai além do que é permitido pelo art. 31, §§ 2º e 3º, da Lei 8.666/1993. A decisão reafirma a necessidade de respeitar os limites legais na qualificação econômico-financeira dos licitantes.",,false,[VIT]
TCU,JURISPRUDENCIA-SELECIONADA-17221,2015,2015-06-17,acordao,,Plenário,Contrato Administrativo,"O Tribunal de Contas da União decidiu que a diferença percentual entre o valor global do contrato e o valor obtido a partir dos custos unitários do sistema de referência não pode ser reduzida em favor do contratado devido a aditamentos que alterem a planilha orçamentária. Essa decisão visa evitar práticas de manipulação de preços, conhecidas como 'jogo de planilha'. Assim, a integridade dos contratos administrativos deve ser mantida.",,false,[VIT]
TCU,JURISPRUDENCIA-SELECIONADA-184618,2025,2025-05-28,acordao,,Plenário,Licitação,"O Tribunal de Contas da União (TCU) decidiu que é recomendável que órgãos da Administração Pública adotem diretrizes específicas ao elaborar matrizes de riscos em contratações de obras públicas. As diretrizes incluem detalhamento dos riscos, compatibilização com o regime contratual e análise prévia da matriz. O objetivo é garantir a coerência entre planejamento, orçamento e obrigações contratuais, além de promover boas práticas na gestão de riscos.",,false,[VIT]
TCU,JURISPRUDENCIA-SELECIONADA-20537,2014,2014-03-26,acordao,,Plenário,Licitação,"O Tribunal de Contas da União decidiu que é obrigatória a republicação do edital de licitação quando as respostas aos pedidos de esclarecimentos dos licitantes, mesmo que publicadas em portal oficial, influenciam na elaboração das propostas. Essa decisão se baseia na necessidade de garantir a transparência e a igualdade de condições entre os participantes do certame. A medida visa assegurar que todos os licitantes tenham acesso às mesmas informações antes de apresentarem suas propostas.",,false,[VIT]
TCU,JURISPRUDENCIA-SELECIONADA-20557,2014,2014-07-09,acordao,,Plenário,Licitação,"O Tribunal de Contas da União decidiu que as planilhas de custo são elementos essenciais das propostas dos licitantes, independentemente do regime de execução. Essas planilhas não são meramente informativas, mas servem para respaldar variações de custos e identificar práticas irregulares, como o 'jogo de planilha'. A decisão reforça a importância da transparência e da correta formação dos preços nas licitações.",,false,[VIT]
TCU,JURISPRUDENCIA-SELECIONADA-21110,2009,2009-08-05,acordao,,Plenário,Responsabilidade,"O Tribunal de Contas da União decidiu aplicar multa ao fiscal da obra devido à grave deficiência de fiscalização em obras rodoviárias. A decisão foi fundamentada na ingerência da contratada nas medições, inconsistências entre os serviços medidos e os quantitativos executados, além da falta de documentos essenciais como diário de obras e relatórios de fiscalização. Essas falhas contrariam o disposto na Lei 8.666/1993.",,false,[VIT]
TCU,JURISPRUDENCIA-SELECIONADA-21174,2013,2013-02-20,acordao,,Plenário,Contrato Administrativo,"O Tribunal de Contas da União decidiu que, em contratos de obra e serviço de engenharia, não é obrigatória a retenção da parcela referente à contribuição previdenciária pelo ente público contratante. A decisão esclarece que a comprovação do recolhimento das contribuições previdenciárias não deve ser exigida como condição para o pagamento das notas fiscais apresentadas. A responsabilidade previdenciária da Administração Pública se limita à contratação de serviços prestados mediante cessão de mão-de-obra.",,false,[VIT]
TCU,JURISPRUDENCIA-SELECIONADA-21439,2016,2016-09-14,acordao,,Plenário,Licitação,"O Tribunal de Contas da União decidiu que, nas licitações e prorrogações contratuais de serviços de manutenção predial, a Administração deve incluir nos estudos técnicos preliminares a previsão da quantidade de material, definição dos postos de trabalho e estimativa de preços. Essa decisão se baseia nos artigos da Lei 8.666/1993 que tratam da necessidade de planejamento adequado nas contratações. A medida visa garantir a transparência e a eficiência na utilização dos recursos públicos.",,false,[VIT]
TCU,JURISPRUDENCIA-SELECIONADA-21827,2014,2014-03-26,acordao,,Plenário,Licitação,"O Tribunal de Contas da União decidiu que não há uma orientação legal específica sobre a metodologia para a obtenção do preço de referência em licitações. A exigência é que os valores estimados estejam alinhados com a prática de mercado. Assim, a utilização da média aritmética de pesquisas de mercado para determinar o preço de referência foi considerada adequada e não apresentou impropriedades.",,false,[VIT]
TCU,JURISPRUDENCIA-SELECIONADA-21832,2015,2015-05-26,acordao,,Primeira Câmara,Licitação,"O Tribunal de Contas da União decidiu que a comprovação da qualificação técnico-profissional em licitações pode ser realizada por meio da apresentação de contrato de prestação de serviços. Essa decisão se baseia na interpretação do art. 30, § 1º, inciso I, da Lei 8.666/1993, que menciona 'quadro permanente da empresa'. A interpretação ampliada permite maior flexibilidade na comprovação de qualificação.",,false,[VIT]
TCU,JURISPRUDENCIA-SELECIONADA-21881,2014,2014-11-26,acordao,,Plenário,Licitação,"O Tribunal de Contas da União decidiu que a comprovação da capacidade técnico-profissional da licitante deve se restringir à indicação de um profissional que possua o acervo técnico exigido no edital. Este profissional deve estar vinculado à empresa por meio de um contrato de prestação de serviços, conforme a legislação civil, sem a necessidade de ser parte do quadro permanente da empresa. A decisão visa garantir a flexibilidade na participação de licitantes em processos licitatórios.",,false,[VIT]
TCU,JURISPRUDENCIA-SELECIONADA-22141,2012,2012-02-01,acordao,,Plenário,Licitação,O Tribunal de Contas da União decidiu que a exigência de um quantitativo mínimo para comprovação da capacidade técnico-profissional em licitações é contrária ao que estabelece a Lei 8.666/1993. Essa decisão reafirma a necessidade de conformidade com os princípios legais que regem as licitações. A interpretação correta da legislação é fundamental para garantir a competitividade e a transparência nos processos licitatórios.,,false,[VIT]
TCU,JURISPRUDENCIA-SELECIONADA-25230,2015,2015-03-04,acordao,,Plenário,Licitação,"O Tribunal de Contas da União decidiu que certas cláusulas em licitações podem restringir a competitividade. Foram identificadas exigências como a necessidade de visita técnica apenas por profissionais específicos e a proibição de comprovação de vínculo através de contrato de prestação de serviços. Essas práticas podem limitar a participação de empresas no processo licitatório, comprometendo a concorrência.",,false,[VIT]
TCU,JURISPRUDENCIA-SELECIONADA-25394,2010,2010-01-27,acordao,,Plenário,Licitação,"O Tribunal de Contas da União decidiu que é permitido, para comprovação da capacitação técnico-profissional em licitações, a apresentação de contrato de prestação de serviços regido pela legislação civil comum. Este contrato pode ser sem vínculo trabalhista e com prazo determinado, garantindo a permanência do profissional durante a execução do serviço. Além disso, admite-se a substituição por profissionais com experiência equivalente ou superior, desde que aprovada pela Administração.",,false,[VIT]
TCU,JURISPRUDENCIA-SELECIONADA-25483,2009,2009-12-09,acordao,,Plenário,Licitação,"O Tribunal de Contas da União decidiu que não é necessário que o profissional esteja no quadro permanente da empresa licitante, sendo suficiente a comprovação de um contrato de prestação de serviços. Essa decisão visa garantir a flexibilidade na contratação de serviços sem vínculo trabalhista, respeitando a legislação civil. A interpretação busca facilitar a participação de empresas em licitações, desde que cumpram os requisitos legais.",,false,[VIT]
TCU,JURISPRUDENCIA-SELECIONADA-31114,2008,2008-09-10,acordao,,Plenário,Contrato Administrativo,"O Tribunal de Contas da União decidiu que a administração pública não deve realizar pagamentos com base em boletins de medição imprecisos. A decisão enfatiza a necessidade de uma aferição adequada dos quantitativos faturados pela empresa executora, por meio de medição-verificação dos serviços realizados. Além disso, a apresentação da memória de cálculo correspondente é essencial para garantir a precisão dos pagamentos.",,false,[VIT]
TCU,JURISPRUDENCIA-SELECIONADA-31675,2008,2008-10-15,acordao,,Plenário,Licitação,O Tribunal de Contas da União decidiu que é válida a exigência de capital social mínimo integralizado como critério para a qualificação econômico-financeira em processos licitatórios. Essa decisão visa garantir a capacidade financeira dos licitantes para a execução dos contratos. A medida busca assegurar a regularidade e a solidez das empresas participantes das licitações.,,false,[VIT]
TCU,JURISPRUDENCIA-SELECIONADA-34242,2004,2004-12-15,acordao,,Plenário,Licitação,"O Tribunal de Contas da União decidiu que não é permitido estabelecer percentuais mínimos acima de 50% para a avaliação da capacidade técnica de licitantes, exceto em casos excepcionais que devem ser devidamente justificados. Essa decisão visa garantir a transparência e a equidade no processo licitatório. A justificativa deve estar claramente documentada no processo administrativo ou no edital.",,false,[VIT]
TCU,JURISPRUDENCIA-SELECIONADA-34411,2017,2017-02-08,acordao,,Plenário,Contrato Administrativo,"O Tribunal de Contas da União decidiu que a caracterização de jogo de planilha não depende da intenção de obter vantagem indevida por parte dos agentes administrativos ou dos prepostos da empresa contratada. Essa decisão reforça a importância da análise objetiva das contratações públicas, independentemente da intenção dos envolvidos. A jurisprudência estabelece um padrão rigoroso para a fiscalização de contratos administrativos.",,false,[VIT]
TCU,JURISPRUDENCIA-SELECIONADA-54764,2018,2018-04-04,acordao,,Plenário,Licitação,"O Tribunal de Contas da União decidiu que é vedada a exigência cumulativa de capital social mínimo e garantia de proposta para a qualificação econômico-financeira em licitações. Essa decisão se baseia no artigo 31, inciso III, da Lei 8.666/1993, que trata das garantias de participação. A medida visa assegurar a competitividade e a ampla participação nas licitações públicas.",,false,[VIT]
TCU,JURISPRUDENCIA-SELECIONADA-65954,2018,2018-11-28,acordao,,Plenário,Licitação,"O Tribunal de Contas da União decidiu que é permitido exigir um piso salarial mínimo superior ao estabelecido em convenção coletiva, desde que o gestor demonstre que os valores estipulados no edital da licitação são compatíveis com os preços de mercado para serviços de complexidade similar. Essa decisão visa garantir a adequação dos custos nas contratações públicas. A análise da compatibilidade dos preços é fundamental para a validade do edital.",,false,[VIT]
TCU,JURISPRUDENCIA-SELECIONADA-70421,2019,2019-03-26,acordao,,Primeira Câmara,Licitação,"O Tribunal de Contas da União decidiu que é irregular a exigência de atestado de capacidade técnica que demande um quantitativo mínimo superior a 50% do total de bens e serviços a serem contratados, a menos que haja uma justificativa técnica adequada. Essa decisão visa garantir a competitividade e a transparência nas licitações. A exigência excessiva pode restringir a participação de potenciais licitantes, comprometendo o princípio da isonomia.",,false,[VIT]
TCU,JURISPRUDENCIA-SELECIONADA-73010,2019,2019-05-15,acordao,,Plenário,Licitação,"O Tribunal de Contas da União decidiu que, na elaboração da planilha de formação de preços, o licitante pode utilizar norma coletiva de trabalho diferente da adotada pelo órgão contratante. Essa decisão se baseia no entendimento de que o enquadramento sindical do empregador deve ser definido pela sua atividade econômica preponderante. Assim, a atividade da categoria profissional que prestará os serviços não deve ser o único critério para a formação do orçamento estimado.",,false,[VIT]
TCU,JURISPRUDENCIA-SELECIONADA-80316,2019,2019-10-16,acordao,,Plenário,Licitação,"O Tribunal de Contas da União decidiu que a exigência de um quantitativo mínimo para comprovação da capacidade técnico-profissional em licitações é contrária ao disposto no art. 30, § 1º, inciso I, da Lei 8.666/1993. Essa decisão visa garantir a ampla participação de empresas nas licitações, evitando restrições indevidas. A medida reforça a necessidade de conformidade com a legislação vigente em processos licitatórios.",,false,[VIT]
TCU,JURISPRUDENCIA-SELECIONADA-8033,2016,2016-05-25,acordao,,Plenário,Responsabilidade,"O Tribunal de Contas da União decidiu que é cabível a aplicação de multa aos responsáveis pela elaboração do orçamento estimativo de licitação que contenha sobrepreço, mesmo que não haja dano ao erário. A decisão enfatiza a importância da responsabilidade na elaboração de orçamentos públicos. A medida visa coibir práticas irregulares que possam comprometer a lisura dos processos licitatórios.",,false,[VIT]
TCU,JURISPRUDENCIA-SELECIONADA-90345,2020,2020-05-05,acordao,,Primeira Câmara,Licitação,"O Tribunal de Contas da União decidiu que é permitido exigir um piso salarial mínimo superior ao estabelecido em convenção coletiva, desde que o gestor demonstre que os valores estipulados no edital da licitação são compatíveis com os preços de mercado para serviços de complexidade similar. Essa decisão visa garantir a adequação dos custos em licitações públicas. A análise se baseou na necessidade de justificar os critérios de remuneração em processos licitatórios.",,false,[VIT]
TCU,JURISPRUDENCIA-SELECIONADA-90902,2020,2020-05-13,acordao,,Plenário,Licitação,"O Tribunal de Contas da União decidiu que empresas em recuperação judicial podem participar de licitações, desde que apresentem uma certidão da instância judicial competente que comprove sua aptidão econômica e financeira. Essa decisão visa garantir a inclusão de empresas em dificuldades financeiras no processo licitatório, desde que atendam aos requisitos legais. A medida busca equilibrar a concorrência e fomentar a recuperação de empresas.",,false,[VIT]
TCU,JURISPRUDENCIA-SELECIONADA-93766,2020,2020-06-24,acordao,,Plenário,Licitação,"O Tribunal de Contas da União decidiu que a modelagem de aquisição por preço global em licitações para registro de preços é uma exceção que deve ser justificada. Essa abordagem deve ser utilizada apenas quando a Administração pretende contratar todos os itens do grupo, respeitando as proporções definidas. A decisão também admite a possibilidade de aquisição isolada de itens, desde que o preço unitário do vencedor do grupo seja o menor lance válido para o item.",,false,[VIT]
TCU,JURISPRUDENCIA-SELECIONADA-97014,2020,2020-08-12,acordao,,Plenário,Licitação,"O Tribunal de Contas da União decidiu que, na elaboração da planilha de formação de preços, o licitante pode utilizar norma coletiva de trabalho diferente da adotada pelo órgão contratante. Essa decisão se baseia no entendimento de que o enquadramento sindical do empregador deve ser definido pela sua atividade econômica preponderante. Assim, a norma coletiva utilizada pode ser aquela que melhor reflete a realidade do serviço a ser prestado.",,false,[VIT]
TCU,JURISPRUDENCIA-SELECIONADA-99882,2020,2020-09-30,acordao,,Plenário,Licitação,"O Tribunal de Contas da União decidiu que é irregular a exigência de que as propostas dos licitantes indiquem acordos coletivos, convenções coletivas ou sentenças normativas relacionadas às categorias profissionais que executarão o serviço. A decisão se baseou na necessidade de que as propostas considerem o enquadramento sindical pela atividade econômica preponderante do empregador. Essa exigência foi considerada inadequada e não condizente com as normas de licitação.",,false,[VIT]
